<?xml version="1.0"?>
<doc>
    <assembly>
        <name>YoutubeExtractor</name>
    </assembly>
    <members>
        <member name="P:YoutubeExtractor.ProgressEventArgs.ProgressPercentage">
            <summary>
            Gets the progress percentage in a range from 0.0 to 100.0.
            </summary>
        </member>
        <member name="F:YoutubeExtractor.VideoFormat.WebM720">
            <summary>
            A WebM video with 720p resolution (.webm).
            </summary>
        </member>
        <member name="F:YoutubeExtractor.VideoFormat.WebM480">
            <summary>
            A WebM video with 480p resolution (.webm).
            </summary>
        </member>
        <member name="F:YoutubeExtractor.VideoFormat.WebM360">
            <summary>
            A WebM video with 360p resolution (.webm).
            </summary>
        </member>
        <member name="F:YoutubeExtractor.VideoFormat.HighDefinition4K">
            <summary>
            A high definition video with 4K resolution (.mp4).
            </summary>
        </member>
        <member name="F:YoutubeExtractor.VideoFormat.HighDefinition1080">
            <summary>
            A high definition video with 1080p resolution (.mp4).
            </summary>
        </member>
        <member name="F:YoutubeExtractor.VideoFormat.HighDefinition720">
            <summary>
            A high definition video with 720p resolution (.mp4).
            </summary>
        </member>
        <member name="F:YoutubeExtractor.VideoFormat.HighDefinition720_3D">
            <summary>
            A high definition video with 720p resolution and 3D (.mp4).
            </summary>
        </member>
        <member name="F:YoutubeExtractor.VideoFormat.Standard360">
            <summary>
            A standard video with 360p solution (.mp4).
            </summary>
        </member>
        <member name="F:YoutubeExtractor.VideoFormat.Standard360_3D">
            <summary>
            A standard video with 360p solution and 3D (.mp4).
            </summary>
        </member>
        <member name="F:YoutubeExtractor.VideoFormat.FlashAacHighQuality">
            <summary>
            A flash video with 480p resolution and 44KHz stereo AAC audio (.flv).
            </summary>
        </member>
        <member name="F:YoutubeExtractor.VideoFormat.FlashAacLowQuality">
            <summary>
            A flash video with 240p resolution and 22KHz stereo AAC audio (.flv).
            </summary>
        </member>
        <member name="F:YoutubeExtractor.VideoFormat.FlashMp3HighQuality">
            <summary>
            A flash video with 360p resolution and 44KHz mono Mp3 audio (.flv).
            </summary>
        </member>
        <member name="F:YoutubeExtractor.VideoFormat.FlashMp3LowQuality">
            <summary>
            A flash video with 240p resolution and 44KHz mono Mp3 audio (.flv).
            </summary>
        </member>
        <member name="F:YoutubeExtractor.VideoFormat.Mobile">
            <summary>
            A 3GP video for mobile devices (.3gp).
            </summary>
        </member>
        <member name="F:YoutubeExtractor.VideoFormat.Unkown">
            <summary>
            Unkown format
            </summary>
        </member>
        <member name="M:YoutubeExtractor.FlvFile.#ctor(System.String,System.String)">
            <summary>
            Initializes a new instance of the <see cref="T:YoutubeExtractor.FlvFile"/> class.
            </summary>
            <param name="inputPath">The path of the input.</param>
            <param name="outputPath">The path of the output without extension.</param>
        </member>
    </members>
</doc>
